Report Date,_id,phone_no,coname,isactive,addr1,addr2,landmark,city,pincode,state,long,lat,created_shop,cat_disp_names,subcat_disp_names,Imgurl
17-03-2025 09:35:52,6760154d942932fa0ef7c275,9137176461,Deep Light House,Y,"Shop no.6, Mathadi Bhavan, APMC Market","Sector 19, Vashi Navi Mumbai",Mathadi Bhavan,Navi Mumbai,400705,Maharashtra,73.010000,19.079000,16-12-2024 17:25:57,Lighting & Switches,Switches | Pendant Light | Wall light | Table lamp | Floor lamp | Ceiling light | Chandelier,https://archdealers.s3.amazonaws.com/6760154d942932fa0ef7c275/rn_image_picker_lib_temp_ac9075ef_d212_4f69_a040_5dfc266f4a08.jpg | https://archdealers.s3.amazonaws.com/6760154d942932fa0ef7c275/Screenshot_2024_12_16_16_50_38_40_e2d5b3f32b79de1d45acd1fad96fbb0f.jpg | https://archdealers.s3.amazonaws.com/6760154d942932fa0ef7c275/Screenshot_2024_12_16_16_25_58_16_e2d5b3f32b79de1d45acd1fad96fbb0f.jpg | https://archdealers.s3.amazonaws.com/6760154d942932fa0ef7c275/Screenshot_2024_12_16_15_23_43_30_e2d5b3f32b79de1d45acd1fad96fbb0f.jpg
17-03-2025 09:35:58,67612144942932fa0ef7c290,8291112321,Reums Interior,Y,"Shop no. 3, Mayur Pankh","Agyari Lane, Charai, Thane West",Beside Kotak Mahindra Bank,Thane,400601,Maharashtra,72.977000,19.195000,17-12-2024 12:29:16,Tiles & Flooring | Furniture | Lighting & Switches | Curtain & Upholstery/Furnishing | Wallpaper & Paint | Modular Kitchen | Handle & Doors | Veneer & Laminates | Rugs & Carpets,Upholstery | Veneer | Rugs | Cabinet & Storage | Chandelier  | Wall light | Curtain  | Kitchen Cabinets | Wooden Tile  | Ceiling light | Full Kitchen | Table | Hinges | Carpets | Chair | Handles | Ceramic Tile  | Mosaic Tile | Table lamp | Floor lamp | Paint | Stools | Kitchen Countertop | Wardrobe | Pendant Light | Switches | Sofa | Doors | Vitrified Tile | Porcelain Tile | Blinders | Louvers | Granite | Kitchen Organizers | Tv Unit | Sliding Window fitting | Floor Tile | Wall Tile | Marble | Natural Stone | Laminate | Swing | Wallpaper | Bed,
17-03-2025 09:36:02,67616c7b0f98d2d11e023984,9967408511,No1 laminate decor,Y,Thane West,Goverdhan dham soc opp SMC mall near,Rajmata Vada pav khopat signal,Thane,400601,Maharashtra,72.979000,19.201000,17-12-2024 17:50:11,Wallpaper & Paint | Rugs & Carpets | Tiles & Flooring | Curtain & Upholstery/Furnishing,Rugs | Carpets | Floor Tile | Wall Tile | Blinders | Sliding Window fitting | Louvers | Wallpaper,
17-03-2025 09:36:02,67627ee60f98d2d11e02398d,9892801259,Laxmi Ceramic and Hardware,Y,Thane West,Khopat,Lifeline Hospital,Thane,400601,Maharashtra,72.979000,19.201000,18-12-2024 13:21:02,Sanitary & Bathroom fittings,Toilet & Flush | Bathroom Mirror | Valves | Kitchen Sinks | Faucet | Washbasin | Shower enclosure | Shower | Bathtub,
17-03-2025 09:36:02,6762863e0f98d2d11e023990,9004260270,Laxmi ply and decor,Y,Bhavesh Plaza,"Khopat Road, Hans Nagar, Thane West",Near thane Janta sahakari bank,Thane,400601,Maharashtra,72.972000,19.203000,18-12-2024 13:52:22,Furniture | Veneer & Laminates | Wallpaper & Paint | Rugs & Carpets,Carpets | Laminate | Wardrobe | Veneer | Paint | Stools | Tv Unit | Cabinet & Storage | Bed | Sofa | Table | Swing | Wallpaper | Rugs | Chair,https://archdealers.s3.amazonaws.com/6762863e0f98d2d11e023990/1000028114.jpg | https://archdealers.s3.amazonaws.com/6762863e0f98d2d11e023990/1000021090.jpg
17-03-2025 09:36:02,676289090f98d2d11e023994,7304168189,Prime ply n laminate,Y,Thane West,Khopat road near khopat bus depot,Lifeline hospital,Thane,400601,Maharashtra,72.972000,19.203000,18-12-2024 14:04:17,Veneer & Laminates | Wallpaper & Paint | Tiles & Flooring,Veneer | Laminate | Wallpaper | Floor Tile,
17-03-2025 09:36:02,67628e176843a07f9a527bac,9004562051,Taha Decor,Y,Shiv tower shop no 11 below life line hospital khopat Thane,,Khopat,Mumbai,400601,Maharashtra,72.972000,19.203000,18-12-2024 14:25:51,Tiles & Flooring | Curtain & Upholstery/Furnishing | Veneer & Laminates | Wallpaper & Paint | Rugs & Carpets,Wall Tile | Wooden Tile  | Blinders | Carpets | Rugs | Vitrified Tile | Natural Stone | Upholstery | Veneer | Wallpaper | Paint | Marble | Granite | Mosaic Tile | Curtain  | Sliding Window fitting | Floor Tile | Ceramic Tile  | Porcelain Tile | Louvers | Laminate,
17-03-2025 09:36:02,6762aa986843a07f9a527bb8,9833498507,JOY DECORS,Y,Thane West,Anand sagar residency Khopat,Opp st bus stand,Thane,400601,Maharashtra,72.979000,19.201000,18-12-2024 16:27:28,,,
17-03-2025 09:36:02,6762b6af6843a07f9a527bbd,9821867243,Shree ashapura steel and wooden furniture,Y,316,"Mohili, Asalpha",Opposite Navratan hotel,Mumbai,400084,Maharashtra,72.898000,19.097000,18-12-2024 17:19:03,Furniture,Sofa | Table | Bed | Stools | Wardrobe | Cabinet & Storage | Swing | Chair,https://archdealers.s3.amazonaws.com/6762b6af6843a07f9a527bbd/rn_image_picker_lib_temp_2984edb9_fb95_4329_9e97_c46f2394f3c5.jpg | https://archdealers.s3.amazonaws.com/6762b6af6843a07f9a527bbd/rn_image_picker_lib_temp_0659c1c3_084f_4290_83de_77cd6acecf1d.jpg | https://archdealers.s3.amazonaws.com/6762b6af6843a07f9a527bbd/rn_image_picker_lib_temp_2bef6c29_6c71_4722_b601_cb19df9d645e.jpg
17-03-2025 09:36:02,6763c2cf4fb0bf844a749f45,9004651087,Maheshwari Stone And Marble,Y,"Plot no. 37A,Maheshwari Stone And Marble,Kalamboli, Panvel","Kalamboli Marble Market, phase 2,near Mumbai pune express wa",Near Hp petrol pump,Navi Mumbai,410218,Maharashtra,73.089000,19.031000,19-12-2024 12:23:03,Modular Kitchen | Veneer & Laminates | Rugs & Carpets | Tiles & Flooring | Sanitary & Bathroom fittings,Wall Tile | Shower enclosure | Bathtub | Kitchen Sinks | Kitchen Countertop | Ceramic Tile  | Faucet | Valves | Shower | Bathroom Mirror | Marble | Toilet & Flush | Full Kitchen | Floor Tile | Natural Stone | Granite | Veneer | Vitrified Tile | Kitchen Cabinets | Kitchen Organizers | Mosaic Tile | Rugs | Carpets | Wooden Tile  | Porcelain Tile | Laminate | Washbasin,https://archdealers.s3.amazonaws.com/6763c2cf4fb0bf844a749f45/819BD43D_DD5A_4E89_9CB2_778CCBA6FCD1.jpg | https://archdealers.s3.amazonaws.com/6763c2cf4fb0bf844a749f45/4ACAC6D2_38E7_485D_803F_5F9269BDDE62.jpg | https://archdealers.s3.amazonaws.com/6763c2cf4fb0bf844a749f45/A619C707_622A_4E0E_BB46_68B6765B3254.jpg | https://archdealers.s3.amazonaws.com/6763c2cf4fb0bf844a749f45/14B0B3A3_6422_4EFB_AECA_2019C0C8D8B4.jpg | https://archdealers.s3.amazonaws.com/6763c2cf4fb0bf844a749f45/43B0CCC8_8887_44B7_96E6_61BD3E9FC61B.jpg | https://archdealers.s3.amazonaws.com/6763c2cf4fb0bf844a749f45/D84647F4_A97A_4BFD_87ED_B7BDED7BC542.jpg | https://archdealers.s3.amazonaws.com/6763c2cf4fb0bf844a749f45/CF249C72_760B_4FB9_BE9C_A6B14544A710.jpg | https://archdealers.s3.amazonaws.com/6763c2cf4fb0bf844a749f45/92500B85_6375_4C0A_BB1D_33DBF760F466.jpg | https://archdealers.s3.amazonaws.com/6763c2cf4fb0bf844a749f45/F6DEF70F_DC46_4136_89F8_DEF630D10784.jpg | https://archdealers.s3.amazonaws.com/6763c2cf4fb0bf844a749f45/9A5DD007_D895_4B79_B52C_8F7621F0B788.jpg
17-03-2025 09:36:02,6763d8f84fb0bf844a749f53,9819709807,Plywood Point,Y,"Shop no. 3,Mahadev Tower,Near Hariniwas Circle",LBS ROAD,Thane,Thane,400602,Maharashtra,72.969000,19.192000,19-12-2024 13:57:36,Furniture | Veneer & Laminates | Wallpaper & Paint,Bed | Cabinet & Storage | Veneer | Swing | Laminate | Wallpaper | Paint | Chair | Sofa | Tv Unit | Wardrobe | Table | Stools,
17-03-2025 09:36:02,6763dc3e4fb0bf844a749f58,8454940006,Doro,Y,"Lal Bahadur Shastri Marg, Panch Pakhdi, Thane West",,Opp. Giriraj Hights,Thane,400602,Maharashtra,72.969000,19.192000,19-12-2024 14:11:34,Furniture | Curtain & Upholstery/Furnishing,Blinders | Sliding Window fitting | Chair | Bed | Cabinet & Storage | Swing | Curtain  | Louvers | Sofa | Tv Unit | Wardrobe | Table | Upholstery | Stools,
17-03-2025 09:36:02,6763fede4fb0bf844a749f72,9819110220,Jay trading company,Y,"Shop no 1, Vishram Apts,","Opp Three Petrol Pump,","L,B,S,Marg",Thane(w),400602,Maharashtra,72.968000,19.190000,19-12-2024 16:39:18,Modular Kitchen | Handle & Doors,Doors | Kitchen Cabinets | Kitchen Organizers | Kitchen Countertop | Hinges | Full Kitchen | Handles,
17-03-2025 09:36:02,676535c84fb0bf844a749fb0,9920987951,Chandra kitchen,Y,Shop no 5 Ajit shoping centre 3 petrol pump LBS Marg Thanest,Thane,My wines shop opp,Mumbai,400602,Maharashtra,72.969000,19.192000,20-12-2024 14:45:52,Modular Kitchen,Full Kitchen | Kitchen Cabinets | Kitchen Organizers | Kitchen Countertop,
17-03-2025 09:36:02,67653ec34fb0bf844a749fc3,9372838906,Jb ceramics,Y,"Shop no.5, manas residency",Junction of three petrol pump thane w,Three petrol pump,Thane,400602,Maharashtra,72.968000,19.190000,20-12-2024 15:24:11,Sanitary & Bathroom fittings | Modular Kitchen,Faucet | Toilet & Flush | Valves | Shower enclosure | Kitchen Countertop | Shower | Full Kitchen | Kitchen Sinks | Kitchen Cabinets | Kitchen Organizers | Washbasin | Bathtub | Bathroom Mirror,https://archdealers.s3.amazonaws.com/67653ec34fb0bf844a749fc3/8420C19A_07B3_4D0E_8516_54F8C9EF679A.png | https://archdealers.s3.amazonaws.com/67653ec34fb0bf844a749fc3/FA46DA4C_052C_48FE_8DE1_A0C3F8817F85.png | https://archdealers.s3.amazonaws.com/67653ec34fb0bf844a749fc3/10D0F5F3_2B6E_4203_9B5C_EAACAA148170.jpg | https://archdealers.s3.amazonaws.com/67653ec34fb0bf844a749fc3/CFBB2C67_3393_475F_9F42_F85C47771794.jpg | https://archdealers.s3.amazonaws.com/67653ec34fb0bf844a749fc3/5D2BA3E9_B9AA_401C_B42A_6A658EF21293.jpg | https://archdealers.s3.amazonaws.com/67653ec34fb0bf844a749fc3/EBA475D8_C847_4C54_8C88_1725407AC8FB.jpg | https://archdealers.s3.amazonaws.com/67653ec34fb0bf844a749fc3/725F868F_969B_48B4_AC34_E9715FD1BFD3.jpg | https://archdealers.s3.amazonaws.com/67653ec34fb0bf844a749fc3/1E62F02F_87CF_457B_BED2_A792424A4F94.png | https://archdealers.s3.amazonaws.com/67653ec34fb0bf844a749fc3/34403953_C06B_442F_91C5_7819DCD45266.png | https://archdealers.s3.amazonaws.com/67653ec34fb0bf844a749fc3/C3146F49_7AB4_4F70_85B2_C7EA50A5444D.png | https://archdealers.s3.amazonaws.com/67653ec34fb0bf844a749fc3/70E2DF5E_4129_4B5E_AF50_5E868ECA1B10.png | https://archdealers.s3.amazonaws.com/67653ec34fb0bf844a749fc3/BF5038EE_1A6D_4BFF_BA08_8A07940717C4.png | https://archdealers.s3.amazonaws.com/67653ec34fb0bf844a749fc3/47148081_773A_4F38_BE10_02DB5C5D9F6B.jpg | https://archdealers.s3.amazonaws.com/67653ec34fb0bf844a749fc3/FC191562_0B01_4BD6_8D83_F8ABECF02ECB.jpg | https://archdealers.s3.amazonaws.com/67653ec34fb0bf844a749fc3/B0C11707_07D8_4B85_86E1_2D28C1B55AD3.jpg | https://archdealers.s3.amazonaws.com/67653ec34fb0bf844a749fc3/BBA417F0_35F9_4E9D_9BD5_106E7475FDEB.jpg
17-03-2025 09:36:02,6766795171017fd80d921ed3,9833697481,Galaxy kitchen,Y,"Ganeshwadi, Thane West",,Shree Ramkrishna netralaya,Thane,400601,Maharashtra,72.973000,19.200000,21-12-2024 13:46:17,Furniture | Modular Kitchen,Swing | Chair | Table | Bed | Kitchen Countertop | Tv Unit | Wardrobe | Full Kitchen | Sofa | Stools | Kitchen Cabinets | Kitchen Organizers | Cabinet & Storage,https://archdealers.s3.amazonaws.com/6766795171017fd80d921ed3/41690D80_D28C_411B_9E13_7E598843384A.jpg | https://archdealers.s3.amazonaws.com/6766795171017fd80d921ed3/081BB6E4_F12F_4BC0_A301_3BE825BF3000.jpg | https://archdealers.s3.amazonaws.com/6766795171017fd80d921ed3/BF1107B3_513F_40C2_939D_25BA4D42BD2C.jpg
17-03-2025 09:36:02,6766daddc416e5363133e1a1,9224336473,Sweet home kitchen and interior,Y,Marathon Mblem,"Mulund - Goregaon Link Road, Salpa Devi Pada, Mulund West",Prasad hotel opp d Mart,Mumbai,400080,Maharashtra,72.940000,19.164000,21-12-2024 20:42:29,,,
17-03-2025 09:36:02,6769190dc416e5363133e21f,6377550163,BHAWANI LIGHTS THANE,Y,Shop no 10 Rajaniganda Society LBS marg Next to Vandana Bus,Thane Maharashtra,Vandana Bus Depot,Thane,400602,Maharashtra,72.968000,19.190000,23-12-2024 13:32:21,Lighting & Switches,Pendant Light | Chandelier  | Wall light | Table lamp | Floor lamp | Ceiling light | Switches,
17-03-2025 09:36:02,67692ae6cbc8b69c5a1b5cef,9139136155,Shree shiv steel art,Y,"Ganeshwadi, Thane West",Chandanwaadi,Almeda house,Thane,400601,Maharashtra,72.970000,19.197000,23-12-2024 14:48:30,Modular Kitchen | Furniture | Handle & Doors,Swing | Stools | Wardrobe | Kitchen Countertop | Cabinet & Storage | Hinges | Full Kitchen | Handles | Kitchen Organizers | Table | Bed | Kitchen Cabinets | Chair | Sofa | Doors | Tv Unit,
17-03-2025 09:36:02,67692e4acbc8b69c5a1b5d0c,7045635558,The Glass Kingdom,Y,"2 C Devi Dayal Compound, Darukhana, Byculla",Magzine street,Darukhana,Mumbai,400010,Maharashtra,72.846000,18.970000,23-12-2024 15:02:58,Sanitary & Bathroom fittings | Curtain & Upholstery/Furnishing | Handle & Doors,Toilet & Flush | Valves | Curtain  | Louvers | Sliding Window fitting | Hinges | Shower | Bathtub | Bathroom Mirror | Kitchen Sinks | Upholstery | Washbasin | Handles | Doors | Faucet | Shower enclosure | Blinders,
17-03-2025 09:36:02,676a7e4bcbc8b69c5a1b5deb,9820544092,New hindustan enterprises,Y,247 Park,"Chandan Nagar, Vikhroli West",opp 247 park ambassy,Mumbai,400083,Maharashtra,72.925000,19.121000,24-12-2024 14:56:35,Sanitary & Bathroom fittings | Tiles & Flooring,Wooden Tile  | Mosaic Tile | Toilet & Flush | Washbasin | Bathtub | Ceramic Tile  | Vitrified Tile | Marble | Bathroom Mirror | Granite | Kitchen Sinks | Shower | Wall Tile | Natural Stone | Porcelain Tile | Shower enclosure | Floor Tile | Faucet | Valves,
17-03-2025 09:36:02,676a8e59cbc8b69c5a1b5e13,9821660827,Soni Foam house,Y,Alpana Apartment shop No 8 opp sarvodaya hospital l.b.s Road,"Gangawadi, Ghatkopar West",,Mumbai,400086,Maharashtra,72.908000,19.089000,24-12-2024 16:05:05,Curtain & Upholstery/Furnishing | Rugs & Carpets,Rugs | Carpets | Curtain  | Upholstery | Blinders | Louvers | Sliding Window fitting,
17-03-2025 09:36:02,676d1fb1cbc8b69c5a1b5e5a,9833100567,Aliza interiors,Y,"Kala Vidyalaya Road, Malvani, Malad West",Gaikwad nagar no8 mahada malwani,Near kala vidyalaya school,Mumbai,400095,Maharashtra,72.814000,19.182000,26-12-2024 14:49:45,Curtain & Upholstery/Furnishing | Furniture,Cabinet & Storage | Swing | Stools & Benches | Wardrobe | Table | Curtain | Upholstery | Chair | Tv Unit | Blinders | Sliding Window fitting | Sofa | Bed | Louvers,https://archdealers.s3.amazonaws.com/676d1fb1cbc8b69c5a1b5e5a/IMG_20241119_143714_307.jpg | https://archdealers.s3.amazonaws.com/676d1fb1cbc8b69c5a1b5e5a/IMG_20241119_143713_538.jpg | https://archdealers.s3.amazonaws.com/676d1fb1cbc8b69c5a1b5e5a/IMG_20240709_205037_157.jpg
17-03-2025 09:36:02,676d357acbc8b69c5a1b5e6c,7977424301,Light on,Y,Siddhivinayak temple,"Dadar West, Dadar",,Mumbai,400028,Maharashtra,72.837000,19.022000,26-12-2024 16:22:42,,,
17-03-2025 09:36:02,676d5390cbc8b69c5a1b5e70,9892977952,S4 lighting,Y,"Somani Gram, Jogeshwari West",prem nagar goregaon w,,Mumbai,400104,Maharashtra,72.848000,19.151000,26-12-2024 18:31:04,Lighting & Switches,Chandelier  | Wall light | Table lamp | Floor lamp | Ceiling light | Switches | Pendant Light,
17-03-2025 09:36:02,676e32decbc8b69c5a1b5e7b,7977334832,Krini Furniture Pvt Ltd,Y,"13 & 14, B Wing, 1st Floor, Sant Bhavan",Junction of marve road and B J Patel Road,Near SBI Bank,Mumbai,400064,Maharashtra,72.841000,19.187000,27-12-2024 10:23:50,Modular Kitchen | Furniture,Bed | Kitchen Cabinets | Stools | Kitchen Organizers | Kitchen Countertop | Tv Unit | Full Kitchen | Chair | Sofa | Table | Wardrobe | Cabinet & Storage | Swing,
17-03-2025 09:36:02,676e4048cbc8b69c5a1b5e87,9867603269,Vimal furnishing,Y,63/503,"Tilak Nagar, Goregaon West",,Mumbai,400104,Maharashtra,72.839000,19.163000,27-12-2024 11:21:04,Curtain & Upholstery/Furnishing | Rugs & Carpets,Upholstery | Blinders | Louvers | Sliding Window fitting | Rugs | Carpets | Curtain ,
17-03-2025 09:36:02,676e458dcbc8b69c5a1b5e90,9029213676,Decor furnishing and mattresses,N,"Swami Vivekananda Road, Shri Nagar, Goregaon West",20/21 hirnen shopping centre,Opp ratna hotel opp vodafone,Mumbai,400104,Maharashtra,72.846000,19.163000,27-12-2024 11:43:33,Curtain & Upholstery/Furnishing | Furniture,Chair | Stools | Tv Unit | Swing | Louvers | Table | Cabinet & Storage | Blinders | Wardrobe | Upholstery | Sofa | Bed | Curtain  | Sliding Window fitting,
17-03-2025 09:36:02,676e4c21cbc8b69c5a1b5e9d,8080150150,VD and Company - DVJ DESIGN,Y,"B14, Kailas Industrial Complex,","Hiranadani Link Road, HMPL Surya Nagar, Vikhroli West",Park Site,Mumbai,400079,Maharashtra,72.918000,19.113000,27-12-2024 12:11:37,Sanitary & Bathroom fittings | Modular Kitchen | Tiles & Flooring,Kitchen Sinks | Kitchen Cabinets | Shower | Full Kitchen | Granite | Faucet | Vitrified Tile | Mosaic Tile | Shower enclosure | Kitchen Organizers | Bathtub | Bathroom Mirror | Floor Tile | Wall Tile | Valves | Marble | Wooden Tile  | Porcelain Tile | Toilet & Flush | Washbasin | Ceramic Tile  | Natural Stone | Kitchen Countertop,https://archdealers.s3.amazonaws.com/676e4c21cbc8b69c5a1b5e9d/FA055EC9_D71C_41EB_8D9C_7E812DCF217B.jpg | https://archdealers.s3.amazonaws.com/676e4c21cbc8b69c5a1b5e9d/AE47863A_48EE_4B9A_B714_5B2D8BA87306.jpg | https://archdealers.s3.amazonaws.com/676e4c21cbc8b69c5a1b5e9d/47BC3725_3798_49F1_BA6F_E62C7E0E3223.jpg | https://archdealers.s3.amazonaws.com/676e4c21cbc8b69c5a1b5e9d/F51CC8A4_BEA5_40B0_8456_89E9DDB62C0F.jpg | https://archdealers.s3.amazonaws.com/676e4c21cbc8b69c5a1b5e9d/117DADE0_8B41_4550_AFE2_B71A0B1AC9A3.jpg | https://archdealers.s3.amazonaws.com/676e4c21cbc8b69c5a1b5e9d/AB547E8D_2D3B_4CE8_B693_6D9B50C54DFC.jpg | https://archdealers.s3.amazonaws.com/676e4c21cbc8b69c5a1b5e9d/3E574270_D218_4527_8013_0115FE72D544.jpg | https://archdealers.s3.amazonaws.com/676e4c21cbc8b69c5a1b5e9d/CED51751_9E31_48F5_96FD_6E5610DA1695.jpg | https://archdealers.s3.amazonaws.com/676e4c21cbc8b69c5a1b5e9d/69424410_8461_474C_9827_C7C973BDD300.jpg | https://archdealers.s3.amazonaws.com/676e4c21cbc8b69c5a1b5e9d/E09CC712_049A_4742_8816_B977ACD76CA3.jpg | https://archdealers.s3.amazonaws.com/676e4c21cbc8b69c5a1b5e9d/940A81B2_B565_4037_9547_1BCF24F4E287.jpg
17-03-2025 09:36:02,676e631dcbc8b69c5a1b5eb0,9664344663,Nakoda ceramics nx,Y,Shop no 8 cosmos tower opp golden park majiwada junction Tha,,Opp golden park,Thane,400601,Maharashtra,72.977000,19.211000,27-12-2024 13:49:41,Sanitary & Bathroom fittings,Kitchen Sinks | Valves | Washbasin | Bathtub | Bathroom Mirror | Faucet | Toilet & Flush | Shower enclosure | Shower,
17-03-2025 09:36:02,676e6a48cbc8b69c5a1b5eb5,9137772859,Navkar plywood nx,Y,Thane West,Majiwada,Terapanth bhavan,Thane,400601,Maharashtra,72.979000,19.201000,27-12-2024 14:20:16,,,
17-03-2025 09:36:02,676fa04ecbc8b69c5a1b5ee5,9136229994,Elegance The Furnishing Gallery,Y,"Shop no. 8,9 archana apartment",Liliya nagar opposite sunder nagar,Malad west,Mumbai,400064,Maharashtra,72.845000,19.175000,28-12-2024 12:23:02,Curtain & Upholstery/Furnishing,Sliding Window fitting | Curtain  | Upholstery | Blinders | Louvers,
17-03-2025 09:36:02,676fe64acbc8b69c5a1b5eeb,9867551255,Firnish Venture,Y,"15, 90 Feet Road,","Adarsh Market, Sakinaka, Mumbai",Near Quadriya Masjid,Mumbai,400072,Maharashtra,72.890000,19.102000,28-12-2024 17:21:38,Tiles & Flooring | Furniture | Rugs & Carpets,Ceramic Tile  | Marble | Carpets | Table | Rugs | Sofa | Bed | Floor Tile | Wall Tile | Natural Stone | Tv Unit | Cabinet & Storage | Chair | Stools | Vitrified Tile | Wooden Tile  | Granite | Mosaic Tile | Porcelain Tile | Wardrobe | Swing,https://archdealers.s3.amazonaws.com/676fe64acbc8b69c5a1b5eeb/D95CAB3A_B5D3_47D8_BC6E_642ACDE4AE0C.jpg | https://archdealers.s3.amazonaws.com/676fe64acbc8b69c5a1b5eeb/743256F7_F0AC_48DC_B11C_87840E5F138F.jpg | https://archdealers.s3.amazonaws.com/676fe64acbc8b69c5a1b5eeb/CC210784_F706_4064_8465_411E2DC61295.jpg | https://archdealers.s3.amazonaws.com/676fe64acbc8b69c5a1b5eeb/A048C1F7_FF33_41C1_A39A_6E609703A958.jpg
17-03-2025 09:36:02,677250528c6d0343a1f85da6,9892077655,Super sanitation,Y,"Shop no 2, Kamla Nehru shopping center,",N s road,,Mumbai,400080,Maharashtra,72.955000,19.175000,30-12-2024 13:18:34,Sanitary & Bathroom fittings,Bathroom Mirror | Faucet | Toilet & Flush | Kitchen Sinks | Shower | Bathtub | Shower enclosure | Washbasin | Valves,
17-03-2025 09:36:02,677666658c6d0343a1f85e39,8828380687,Choudhary Interiors,Y,Shop No. 2 badwaik chawl near kukreja complex,"L.B.S marg road, Bhandup west",Opp. Anant Siddhi building,Mumbai,400078,Maharashtra,72.938000,19.150000,02-01-2025 15:41:49,Curtain & Upholstery/Furnishing | Handle & Doors | Wallpaper & Paint | Veneer & Laminates | Tiles & Flooring | Sanitary & Bathroom fittings | Modular Kitchen | Furniture | Lighting & Switches,Sliding Window fitting | Full Kitchen | Veneer | Laminate | Pendant Light | Wall Tile | Faucet | Toilet & Flush | Washbasin | Ceiling light | Marble | Tv Unit | Wardrobe | Kitchen Cabinets | Cabinet & Storage | Curtain  | Louvers | Shower | Wooden Tile  | Natural Stone | Porcelain Tile | Paint | Sofa | Table | Stools | Floor lamp | Floor Tile | Mosaic Tile | Switches | Wall light | Table lamp | Kitchen Sinks | Kitchen Countertop | Upholstery | Hinges | Bathroom Mirror | Bed | Handles | Granite | Shower enclosure | Kitchen Organizers | Vitrified Tile | Valves | Doors | Chandelier  | Ceramic Tile  | Swing | Blinders,https://archdealers.s3.amazonaws.com/677666658c6d0343a1f85e39/1000025531.jpg | https://archdealers.s3.amazonaws.com/677666658c6d0343a1f85e39/1000008507.jpg | https://archdealers.s3.amazonaws.com/677666658c6d0343a1f85e39/1000004823.jpg | https://archdealers.s3.amazonaws.com/677666658c6d0343a1f85e39/1000002101.jpg | https://archdealers.s3.amazonaws.com/677666658c6d0343a1f85e39/1000001454.jpg | https://archdealers.s3.amazonaws.com/677666658c6d0343a1f85e39/1000008495.jpg | https://archdealers.s3.amazonaws.com/677666658c6d0343a1f85e39/1000002863.jpg | https://archdealers.s3.amazonaws.com/677666658c6d0343a1f85e39/1000001285.jpg
17-03-2025 09:36:02,67767b548c6d0343a1f85ecd,9664359711,Janata furnishing and Mattress,Y,"Shop No 9Joy Homes CHS Road, Valmik Nagar, Bhandup West","Joy Adinath 2 , LBS Marg",Opposite to Iswarnagar post office,Mumbai,400078,Maharashtra,72.934000,19.145000,02-01-2025 17:11:08,Tiles & Flooring | Furniture | Curtain & Upholstery/Furnishing | Rugs & Carpets,Vitrified Tile | Marble | Granite | Porcelain Tile | Curtain  | Sliding Window fitting | Sofa | Floor Tile | Ceramic Tile  | Mosaic Tile | Swing | Upholstery | Rugs | Carpets | Wall Tile | Wooden Tile  | Wardrobe | Louvers | Table | Bed | Natural Stone | Tv Unit | Cabinet & Storage | Blinders | Chair | Stools,https://archdealers.s3.amazonaws.com/67767b548c6d0343a1f85ecd/1000307569.jpg | https://archdealers.s3.amazonaws.com/67767b548c6d0343a1f85ecd/1000330874.jpg | https://archdealers.s3.amazonaws.com/67767b548c6d0343a1f85ecd/1000308692.jpg | https://archdealers.s3.amazonaws.com/67767b548c6d0343a1f85ecd/1000335182.jpg | https://archdealers.s3.amazonaws.com/67767b548c6d0343a1f85ecd/1000310455.jpg | https://archdealers.s3.amazonaws.com/67767b548c6d0343a1f85ecd/1000336519.jpg | https://archdealers.s3.amazonaws.com/67767b548c6d0343a1f85ecd/1000214777.jpg | https://archdealers.s3.amazonaws.com/67767b548c6d0343a1f85ecd/1000306282.jpg | https://archdealers.s3.amazonaws.com/67767b548c6d0343a1f85ecd/1000214783.jpg | https://archdealers.s3.amazonaws.com/67767b548c6d0343a1f85ecd/1000214774.jpg | https://archdealers.s3.amazonaws.com/67767b548c6d0343a1f85ecd/1000151173.jpg | https://archdealers.s3.amazonaws.com/67767b548c6d0343a1f85ecd/1000145330.jpg | https://archdealers.s3.amazonaws.com/67767b548c6d0343a1f85ecd/1000181790.jpg | https://archdealers.s3.amazonaws.com/67767b548c6d0343a1f85ecd/1000123714.jpg | https://archdealers.s3.amazonaws.com/67767b548c6d0343a1f85ecd/1000278651.jpg | https://archdealers.s3.amazonaws.com/67767b548c6d0343a1f85ecd/1000329065.jpg | https://archdealers.s3.amazonaws.com/67767b548c6d0343a1f85ecd/1000330874.jpg | https://archdealers.s3.amazonaws.com/67767b548c6d0343a1f85ecd/1000307541.jpg
17-03-2025 09:36:02,6778ecc58c6d0343a1f85f1c,9819456590,Labham ceramics,N,"Ground floor,vallabh society,","90feet road, ghatkopar -east",Opp-kailash tower,Mumbai,400075,Maharashtra,72.910000,19.079000,04-01-2025 13:39:41,Sanitary & Bathroom fittings,Faucet | Toilet & Flush | Valves | Shower | Washbasin | Bathroom Mirror | Bathtub | Shower enclosure | Kitchen Sinks,
17-03-2025 09:36:02,6778f0088c6d0343a1f85f20,9619719819,Shyambaba Enterprise,Y,"Hingwala Lane, Railway Police Colony, Ghatkopar East","90 feet road, Ghatkopar east","Patel xerox centre, Lalit bar",Mumbai,400075,Maharashtra,72.911000,19.079000,04-01-2025 13:53:36,Sanitary & Bathroom fittings | Tiles & Flooring,Toilet & Flush | Kitchen Sinks | Shower | Bathtub | Ceramic Tile  | Natural Stone | Mosaic Tile | Faucet | Bathroom Mirror | Marble | Granite | Porcelain Tile | Valves | Wall Tile | Vitrified Tile | Wooden Tile  | Washbasin | Floor Tile | Shower enclosure,
17-03-2025 09:36:02,677909898c6d0343a1f85f29,9892884452,Shiv Shakti light,Y,Shop no 5 bldg no 185 drushti sapphire shree swami Samarth m,Ghatkopar e,Opp technical school,Mumbai,400075,Maharashtra,72.914000,19.085000,04-01-2025 15:42:25,Lighting & Switches,Table lamp | Floor lamp | Ceiling light | Switches | Pendant Light | Chandelier | Wall light,https://archdealers.s3.amazonaws.com/677909898c6d0343a1f85f29/1000684110.jpg
17-03-2025 09:36:02,677cdf218c6d0343a1f86111,7738283596,Darshan tiles,Y,"Mohili, Asalpha",Ghatkopar west,Jangleshwar mahadev mandir,Mumbai,400084,Maharashtra,72.899000,19.101000,07-01-2025 13:30:33,Sanitary & Bathroom fittings | Tiles & Flooring,Bathtub | Ceramic Tile  | Wooden Tile  | Natural Stone | Porcelain Tile | Faucet | Toilet & Flush | Shower | Wall Tile | Mosaic Tile | Kitchen Sinks | Floor Tile | Vitrified Tile | Marble | Granite | Valves | Shower enclosure | Washbasin | Bathroom Mirror,
17-03-2025 09:36:02,677d05658c6d0343a1f86122,8879752655,Baba steel furniture,Y,"Gala no.1 subhash nagar , jangleswar mandir road near Sameer",Ghatkopar,Jangleswar mandir road,Mumbai,400084,Maharashtra,72.898000,19.097000,07-01-2025 16:13:49,Furniture,Chair | Stools | Swing | Sofa | Table | Tv Unit | Bed | Wardrobe | Cabinet & Storage,
17-03-2025 09:36:02,677fa1fc8c6d0343a1f863de,9964958595,Test,N,Vittasandra,Hsr,Hsr layout,Bengaluru,560100,Karnataka,77.628000,12.857000,09-01-2025 15:46:28,Tiles & Flooring,Floor Tile | Wall Tile | Ceramic Tile  | Vitrified Tile,https://archdealers.s3.amazonaws.com/677fa1fc8c6d0343a1f863de/rn_image_picker_lib_temp_15646395_d59a_420d_aa68_cde31a8143e0.jpg | https://archdealers.s3.amazonaws.com/677fa1fc8c6d0343a1f863de/rn_image_picker_lib_temp_bae8bc14_cd4b_477c_9545_9f19deb903fd.jpg | https://archdealers.s3.amazonaws.com/677fa1fc8c6d0343a1f863de/rn_image_picker_lib_temp_8f4b0d94_d8bc_4784_82bd_032e865afb2f.jpg
17-03-2025 09:36:02,6780b5d78c6d0343a1f8640f,9137580153,Nisar hardware,Y,"Shop no : 4, Ravji Sejpal Bldg",Dadar(w),"S.K.Bole Road, Portuguese Church",Mumbai,400028,Maharashtra,72.837000,19.022000,10-01-2025 11:23:27,Modular Kitchen,Full Kitchen,
17-03-2025 09:36:02,6787747cf2263cc07a9da13d,8286935909,New Choice Furniture Airoli,Y,"Nav Omkar HSG Society Shop no 5 , sector 8a airoli Navi Mumb",Near Apple Hospital,Indian Bank,Navi Mumbai ,400708,Maharashtra,72.999000,19.160000,15-01-2025 14:10:28,Furniture,Cabinet & Storage | Chair | Tv Unit | Table | Wardrobe | Sofa | Bed | Stools,https://archdealers.s3.amazonaws.com/6787747cf2263cc07a9da13d/1000027518.jpg | https://archdealers.s3.amazonaws.com/6787747cf2263cc07a9da13d/1000043868.jpg | https://archdealers.s3.amazonaws.com/6787747cf2263cc07a9da13d/1000042157.jpg
17-03-2025 09:36:02,6788bb34f2263cc07a9da150,9987744883,Guru glass,Y,003-A,"Rajiv Gandhi Nagar, Bhandup West",L b s marg,Mumbai,400078,Maharashtra,72.933000,19.157000,16-01-2025 13:24:28,Handle & Doors,Handles,
17-03-2025 09:36:02,6788d426f2263cc07a9da154,8850605141,The Tile Empire,Y,"Mulund - Goregaon Link Road, Mulund Colony, Mulund West",Shop No. 07 near Marathon building,Bhandup sonapur,Mumbai,400080,Maharashtra,72.936000,19.164000,16-01-2025 15:10:54,Tiles & Flooring | Sanitary & Bathroom fittings,Wooden Tile  | Natural Stone | Mosaic Tile | Faucet | Shower | Toilet & Flush | Shower enclosure | Ceramic Tile  | Bathtub | Bathroom Mirror | Kitchen Sinks | Wall Tile | Porcelain Tile | Floor Tile | Vitrified Tile | Marble | Granite | Washbasin | Valves,https://archdealers.s3.amazonaws.com/6788d426f2263cc07a9da154/A8017F42_3EBE_4F33_A85E_94C74454C72F.jpg
17-03-2025 09:36:02,6788d820f2263cc07a9da16f,8104814045,Shree siddhivinyak ceramicas,Y,"Shop no 1 Mulund Gourgoun link,Road",Bhundup sonapur (West),"Sonapur signal, Rto police chowki",Mumbai,400080,Maharashtra,72.937000,19.164000,16-01-2025 15:27:52,Sanitary & Bathroom fittings | Modular Kitchen | Tiles & Flooring,Floor Tile | Marble | Vitrified Tile | Natural Stone | Porcelain Tile | Washbasin | Kitchen Sinks | Wall Tile | Ceramic Tile  | Wooden Tile  | Granite | Mosaic Tile | Full Kitchen,
17-03-2025 09:36:02,678a0fe1f2263cc07a9da191,7666888815,Amar Enterprises,N,"Shop No.2, Plot No.84, Sector 6, Koparkhairane",Twin Shelter Chs,Opposite of Om Gagangiri Hospital and Bharat Bank,NAVI MUMBAI,400709,Maharashtra,73.002000,19.100000,17-01-2025 13:38:01,Tiles & Flooring | Sanitary & Bathroom fittings,Wall Tile | Natural Stone | Shower | Shower enclosure | Kitchen Sinks | Marble | Faucet | Washbasin | Bathtub | Valves | Mosaic Tile | Toilet & Flush | Bathroom Mirror | Floor Tile | Ceramic Tile  | Granite | Porcelain Tile | Wooden Tile  | Vitrified Tile,
17-03-2025 09:36:02,678b599ff2263cc07a9da1e6,9833344235,Pixar tiles,Y,"Plot no.10, Sector 23, Turbhe",Turbhe Vashi link road,Janta market,Navi mumbai ,400705,Maharashtra,73.011000,19.057000,18-01-2025 13:04:55,Sanitary & Bathroom fittings | Tiles & Flooring,Marble | Wooden Tile  | Natural Stone | Wall Tile | Vitrified Tile | Granite | Porcelain Tile | Washbasin | Toilet & Flush | Ceramic Tile  | Shower | Bathtub | Faucet | Mosaic Tile | Kitchen Sinks | Shower enclosure | Floor Tile,
17-03-2025 09:36:02,678b5c93f2263cc07a9da1f9,9820735599,Lighto light,Y,"Sector 23, Turbhe",Janta market,Turbhe,Navi Mumbai,400703,Maharashtra,73.017000,19.073000,18-01-2025 13:17:31,Lighting & Switches,Chandelier  | Wall light | Table lamp | Floor lamp | Ceiling light | Switches | Pendant Light,https://archdealers.s3.amazonaws.com/678b5c93f2263cc07a9da1f9/46BD6785_5367_40FA_A405_71172731A602.jpg
17-03-2025 09:36:02,678b64d2f2263cc07a9da204,8369062663,Orio Bathware,Y,73/81,"Sector 23, Turbhe",,Navi Mumbai,400703,Maharashtra,73.016000,19.071000,18-01-2025 13:52:42,,,
17-03-2025 09:36:02,678b7250f2263cc07a9da206,7666493301,Maruti Marble,Y,Plot no 39A,Sector 23 turbhe,Marble lane,Navi Mumbai,400705,Maharashtra,73.011000,19.057000,18-01-2025 14:50:16,Tiles & Flooring | Sanitary & Bathroom fittings,Wooden Tile  | Mosaic Tile | Shower | Ceramic Tile  | Marble | Porcelain Tile | Washbasin | Bathtub | Shower enclosure | Floor Tile | Wall Tile | Vitrified Tile | Granite | Natural Stone | Faucet | Toilet & Flush | Bathroom Mirror | Kitchen Sinks | Valves,
17-03-2025 09:36:02,678e07b5f2263cc07a9da21c,9819364924,Mahendra kitchen,Y,"Swami Vivekananda Road, Navneeth Colony, Amboli",,Near Andheri West railway station,Mumbai,400058,Maharashtra,72.847000,19.123000,20-01-2025 13:52:13,Modular Kitchen,Full Kitchen | Kitchen Cabinets | Kitchen Organizers | Kitchen Countertop,https://archdealers.s3.amazonaws.com/678e07b5f2263cc07a9da21c/5D2EA1FF_89C2_4E55_8174_27437006400E.jpg | https://archdealers.s3.amazonaws.com/678e07b5f2263cc07a9da21c/9E1ECF3E_907D_4C10_8A33_E96DC8330495.jpg | https://archdealers.s3.amazonaws.com/678e07b5f2263cc07a9da21c/67813A22_D5A1_4848_8960_D9AD0954D2B5.jpg | https://archdealers.s3.amazonaws.com/678e07b5f2263cc07a9da21c/62CD2592_5B74_4059_AF5E_07D5C6B32FE7.jpg
17-03-2025 09:36:02,678e0a96f2263cc07a9da226,9820137996,Manohar ceramics,Y,"Damaniya building 347/A , s.v.road",", Andheri West",Opp b.m.c market,Mumbai,400058,Maharashtra,72.830000,19.123000,20-01-2025 14:04:30,Sanitary & Bathroom fittings,Toilet & Flush | Valves | Shower enclosure | Faucet | Shower | Washbasin | Bathtub,
17-03-2025 09:36:02,678f728df2263cc07a9da2f0,7738235987,Durga kitchen and furniture,Y,Shop no 9 jiten building,J.P road,Near Azad Nagar metro station,Mumbai,400053,Maharashtra,72.839000,19.127000,21-01-2025 15:40:21,Modular Kitchen | Furniture,Full Kitchen | Kitchen Cabinets | Kitchen Organizers | Tv Unit | Bed | Wardrobe | Cabinet & Storage,https://archdealers.s3.amazonaws.com/678f728df2263cc07a9da2f0/1000339626.jpg | https://archdealers.s3.amazonaws.com/678f728df2263cc07a9da2f0/1000270132.jpg | https://archdealers.s3.amazonaws.com/678f728df2263cc07a9da2f0/1000148364.jpg | https://archdealers.s3.amazonaws.com/678f728df2263cc07a9da2f0/1000148361.jpg | https://archdealers.s3.amazonaws.com/678f728df2263cc07a9da2f0/1000148362.jpg
17-03-2025 09:36:02,678f7c61f2263cc07a9da348,9820564545,Glass mall,Y,"JP Road, Azad Nagar, Andheri West","Dhake colony, j. P. Road, shop no, 2,akruti arcades",Opp wadia school,Mumbai,400053,Maharashtra,72.835000,19.127000,21-01-2025 16:22:17,Curtain & Upholstery/Furnishing,Curtain  | Upholstery,
17-03-2025 09:36:02,67921abdcc3551420ceb080e,9867230704,Square inch the hardware solution,Y,"Turbhe Village Road, Sector 21, Turbhe",,Opp pooja Bar,Navi Mumbai,400703,Maharashtra,73.015000,19.071000,23-01-2025 16:02:29,Modular Kitchen | Handle & Doors,Full Kitchen | Kitchen Cabinets | Kitchen Organizers | Hinges | Handle,https://archdealers.s3.amazonaws.com/67921abdcc3551420ceb080e/Screenshot_2023_09_08_21_42_52_47_680d03679600f7af0b4c700c6b270fe7.jpg | https://archdealers.s3.amazonaws.com/67921abdcc3551420ceb080e/PROD_20241212_152604.jpg | https://archdealers.s3.amazonaws.com/67921abdcc3551420ceb080e/IMG20241214201622.jpg | https://archdealers.s3.amazonaws.com/67921abdcc3551420ceb080e/IMG_20221229_WA0012.jpg | https://archdealers.s3.amazonaws.com/67921abdcc3551420ceb080e/IMG_20250205_WA0006.jpg | https://archdealers.s3.amazonaws.com/67921abdcc3551420ceb080e/IMG_20241231_WA0003.jpg
17-03-2025 09:36:02,67922143cc3551420ceb081a,9029612558,MONARK,Y,"Bank Of India Road, Sector 23, Turbhe",Plot no 62Bank of India road turbhe,Turbhe,Navi Mumbai,400703,Maharashtra,73.015000,19.071000,23-01-2025 16:30:19,Tiles & Flooring | Sanitary & Bathroom fittings,Floor Tile | Mosaic Tile | Bathtub | Marble | Vitrified Tile | Toilet & Flush | Bathroom Mirror | Granite | Shower | Wall Tile | Ceramic Tile  | Wooden Tile  | Natural Stone | Porcelain Tile | Faucet | Washbasin | Valves | Kitchen Sinks | Shower enclosure,
17-03-2025 09:36:02,679356bfe90b10a8b6c69d65,9029177138,Mb interiors,N,Plot no 99,Dayma marg,4th road bandra East,Mumbai ,400051,Maharashtra,72.855000,19.060000,24-01-2025 14:30:47,Modular Kitchen | Furniture | Sanitary & Bathroom fittings | Tiles & Flooring | Handle & Doors | Veneer & Laminates | Wallpaper & Paint | Lighting & Switches,Cabinet & Storage | Ceiling light | Kitchen Cabinets | Toilet & Flush | Floor Tile | Bathroom Mirror | Veneer | Paint | Switches | Floor lamp | Tv Unit | Stools | Washbasin | Pendant Light | Valves | Doors | Wall light | Table lamp | Kitchen Organizers | Kitchen Countertop | Wall Tile | Bathtub | Wooden Tile  | Table | Wardrobe | Shower | Chandelier  | Sofa | Marble | Laminate | Ceramic Tile  | Vitrified Tile | Granite | Kitchen Sinks | Handles | Full Kitchen | Chair | Faucet | Shower enclosure | Hinges | Wallpaper | Bed | Swing | Natural Stone,https://archdealers.s3.amazonaws.com/679356bfe90b10a8b6c69d65/1000142332.jpg | https://archdealers.s3.amazonaws.com/679356bfe90b10a8b6c69d65/a6ba63f8_51bf_4d78_9dfb_7456fbf2b5de_1_all_25140.jpg | https://archdealers.s3.amazonaws.com/679356bfe90b10a8b6c69d65/1000091840.jpg | https://archdealers.s3.amazonaws.com/679356bfe90b10a8b6c69d65/1000091844.jpg
17-03-2025 09:36:02,6793678be90b10a8b6c69d97,9029686781,Goodluck paints and bath fittings,Y,"JP Road, Azad Nagar, Andheri West","Shop no 2, opp wadia high school, jp road",Wadia high school,Mumbai,400053,Maharashtra,72.834000,19.128000,24-01-2025 15:42:27,Sanitary & Bathroom fittings | Wallpaper & Paint,Bathroom Mirror | Valves | Faucet | Bathtub | Toilet & Flush | Shower enclosure | Kitchen Sinks | Paint | Shower | Washbasin,https://archdealers.s3.amazonaws.com/6793678be90b10a8b6c69d97/1000003147.png
17-03-2025 09:36:02,67974a47e90b10a8b6c69db4,9136320038,Designethics,Y,"20, laxmi plaza building 9","Suresh Nagar, Andheri West",Laxmi industrial estate,Mumbai,400053,Maharashtra,72.829000,19.136000,27-01-2025 14:26:39,Furniture | Lighting & Switches | Handle & Doors | Modular Kitchen,Bed | Swing | Pendant Light | Chandelier  | Wall light | Floor lamp | Full Kitchen | Table | Ceiling light | Stools | Table lamp | Switches | Hinges | Chair | Wardrobe | Doors | Kitchen Organizers | Cabinet & Storage | Sofa | Tv Unit | Handles | Kitchen Cabinets | Kitchen Countertop,
17-03-2025 09:36:02,679c82ab53a4910ef67b269a,9152643529,Chandra kitchen world,Y,"Manpada, Thane West",,Near Sai Kiran bar,Thane,400607,Maharashtra,72.976000,19.235000,31-01-2025 13:28:35,,,
17-03-2025 09:36:02,679ca12053a4910ef67b269f,9892864539,Divaas furnishing,Y,"Ghodbunder Service Road, Chitalsar, Thane West",,Near kia car showroom,Thane,400607,Maharashtra,72.976000,19.237000,31-01-2025 15:38:32,Curtain & Upholstery/Furnishing | Wallpaper & Paint,Wallpaper | Curtain | Upholstery,
17-03-2025 09:36:02,679cb7f453a4910ef67b26a5,9004923043,Krishna ceramics,Y,"Tikuji Ni Wadi Road, Manpada, Thane West",,,Thane,400607,Maharashtra,72.975000,19.236000,31-01-2025 17:15:56,Tiles & Flooring | Sanitary & Bathroom fittings | Modular Kitchen,Wall Tile | Bathtub | Valves | Kitchen Countertop | Natural Stone | Faucet | Floor Tile | Ceramic Tile | Marble | Vitrified Tile | Wooden Tile | Toilet & Flush | Kitchen Organizers | Granite | Mosaic Tile | Porcelain Tile | Shower | Washbasin | Shower enclosure | Kitchen Sinks | Full Kitchen | Kitchen Cabinets,
17-03-2025 09:36:02,679d0d8853a4910ef67b26bf,7666086786,GAD Bless Sofa House,Y,"Tikuji Ni Wadi Road, Manpada, Thane West",,Opposite Tietan Hospital,Thane,400607,Maharashtra,72.975000,19.236000,31-01-2025 23:21:04,Modular Kitchen | Curtain & Upholstery/Furnishing | Furniture | Wallpaper & Paint,Full Kitchen | Kitchen Cabinets | Blinders | Sofa | Bed | Wardrobe | Cabinet & Storage | Wallpaper | Curtain | Chair | Table | Tv Unit | Stools & Benches,https://archdealers.s3.amazonaws.com/679d0d8853a4910ef67b26bf/1000078347.jpg | https://archdealers.s3.amazonaws.com/679d0d8853a4910ef67b26bf/1000052390.jpg | https://archdealers.s3.amazonaws.com/679d0d8853a4910ef67b26bf/1000065928.jpg
17-03-2025 09:36:02,67a06e5653a4910ef67b26fb,9322736591,Kinjal ceramics,Y,"Tikuji Ni Wadi Road, Manpada, Thane",,Karkhanish hospital,Thane,400607,Maharashtra,72.975000,19.236000,03-02-2025 12:50:54,Tiles & Flooring | Sanitary & Bathroom fittings | Modular Kitchen,Toilet & Flush | Full Kitchen | Faucet | Shower | Shower enclosure | Natural Stone | Mosaic Tile | Granite | Washbasin | Bathroom Mirror | Wall Tile | Ceramic Tile | Marble | Valves | Kitchen Cabinets | Kitchen Countertop | Bathtub | Kitchen Sinks | Kitchen Organizers | Floor Tile | Wooden Tile | Porcelain Tile,
17-03-2025 09:36:02,67a1d03653a4910ef67b276e,8530801154,Metro tiles,Y,Next to safar guest house lbs road sion,Sion,Maharashtra weight bridge,Mumbai,400020,Maharashtra,72.826000,18.935000,04-02-2025 14:00:46,Tiles & Flooring,Floor Tile | Vitrified Tile | Natural Stone | Wall Tile | Ceramic Tile | Marble | Wooden Tile | Porcelain Tile | Granite | Mosaic Tile,https://archdealers.s3.amazonaws.com/67a1d03653a4910ef67b276e/1000026405.jpg | https://archdealers.s3.amazonaws.com/67a1d03653a4910ef67b276e/1000048257.jpg | https://archdealers.s3.amazonaws.com/67a1d03653a4910ef67b276e/1000044858.jpg | https://archdealers.s3.amazonaws.com/67a1d03653a4910ef67b276e/1000048141.jpg | https://archdealers.s3.amazonaws.com/67a1d03653a4910ef67b276e/1000044884.jpg | https://archdealers.s3.amazonaws.com/67a1d03653a4910ef67b276e/1000044865.jpg | https://archdealers.s3.amazonaws.com/67a1d03653a4910ef67b276e/1000044859.jpg | https://archdealers.s3.amazonaws.com/67a1d03653a4910ef67b276e/1000043781.jpg | https://archdealers.s3.amazonaws.com/67a1d03653a4910ef67b276e/1000048117.jpg | https://archdealers.s3.amazonaws.com/67a1d03653a4910ef67b276e/1000039983.jpg | https://archdealers.s3.amazonaws.com/67a1d03653a4910ef67b276e/1000052341.jpg | https://archdealers.s3.amazonaws.com/67a1d03653a4910ef67b276e/1000044879.jpg | https://archdealers.s3.amazonaws.com/67a1d03653a4910ef67b276e/1000026393.jpg
17-03-2025 09:36:02,67a1e25d53a4910ef67b2781,9979624713,Shiv Modular Kitchen,Y,Suvidha Corner,"Karve Road, Erandwane",Karve Road,Pune,411038,Maharashtra,73.823000,18.505000,04-02-2025 15:18:13,Modular Kitchen | Furniture,Kitchen Countertop | Tv Unit | Bed | Wardrobe | Cabinet & Storage | Full Kitchen | Kitchen Cabinets | Kitchen Organizers,https://archdealers.s3.amazonaws.com/67a1e25d53a4910ef67b2781/1000028274.jpg | https://archdealers.s3.amazonaws.com/67a1e25d53a4910ef67b2781/2727.jpg | https://archdealers.s3.amazonaws.com/67a1e25d53a4910ef67b2781/1000635745.webp | https://archdealers.s3.amazonaws.com/67a1e25d53a4910ef67b2781/1001218565.jpg | https://archdealers.s3.amazonaws.com/67a1e25d53a4910ef67b2781/1001218564.jpg | https://archdealers.s3.amazonaws.com/67a1e25d53a4910ef67b2781/1001218563.jpg | https://archdealers.s3.amazonaws.com/67a1e25d53a4910ef67b2781/1001218561.jpg | https://archdealers.s3.amazonaws.com/67a1e25d53a4910ef67b2781/1001218562.jpg | https://archdealers.s3.amazonaws.com/67a1e25d53a4910ef67b2781/1001269299.jpg | https://archdealers.s3.amazonaws.com/67a1e25d53a4910ef67b2781/1001253475.jpg | https://archdealers.s3.amazonaws.com/67a1e25d53a4910ef67b2781/1001253491.jpg | https://archdealers.s3.amazonaws.com/67a1e25d53a4910ef67b2781/1001253483.jpg
17-03-2025 09:36:02,67a317d153a4910ef67b2795,9920616677,VIRAJ FURNITURES,Y,"Shop no. 16 & 17, Indira market, D.K sandu Marg, Chembur (E)",,Near Sai Baba mandir,Mumbai ,400071,Maharashtra,72.901000,19.052000,05-02-2025 13:18:33,Furniture,Bed | Wardrobe | Cabinet & Storage | Stools & Benches | Chair | Sofa | Table | Tv Unit,
17-03-2025 09:36:02,67a32c7253a4910ef67b27a8,9172797060,Shree Adinath Tiles,Y,"V N Purva Marg, Union Park, Chembur",,Vijay vihar society,Mumbai,400071,Maharashtra,72.897000,19.053000,05-02-2025 14:46:34,Tiles & Flooring,Floor Tile | Marble | Granite | Porcelain Tile | Wall Tile | Ceramic Tile | Vitrified Tile | Wooden Tile | Natural Stone,https://archdealers.s3.amazonaws.com/67a32c7253a4910ef67b27a8/8C7FE958_63B2_4C62_A96C_E905E40ED892.jpg | https://archdealers.s3.amazonaws.com/67a32c7253a4910ef67b27a8/52DDE83B_F8D5_4B72_BDB2_BD8884DCE515.jpg | https://archdealers.s3.amazonaws.com/67a32c7253a4910ef67b27a8/B6903D58_B009_4EEE_BD25_83C7CF9C4F4C.jpg | https://archdealers.s3.amazonaws.com/67a32c7253a4910ef67b27a8/E00D3A36_63D1_4FAC_9E02_518924DACC10.jpg | https://archdealers.s3.amazonaws.com/67a32c7253a4910ef67b27a8/6E965424_E9C8_4ACF_823B_6C210196F91A.jpg | https://archdealers.s3.amazonaws.com/67a32c7253a4910ef67b27a8/DF6D0B4C_021F_4A95_AC83_056CE28029B5.jpg | https://archdealers.s3.amazonaws.com/67a32c7253a4910ef67b27a8/26CB6FFF_4543_49F3_A1A6_F7625FD75B67.jpg
17-03-2025 09:36:02,67a3323d53a4910ef67b27ba,9588250605,Laxmi Hardware chembur naka,Y,"Union Park, Chembur",Chembur,Sain trombe road,Mumbai,400071,Maharashtra,72.897000,19.053000,05-02-2025 15:11:17,Handle & Doors | Sanitary & Bathroom fittings,Bathroom Mirror | Handle | Door | Hinges,https://archdealers.s3.amazonaws.com/67a3323d53a4910ef67b27ba/1000036071.jpg | https://archdealers.s3.amazonaws.com/67a3323d53a4910ef67b27ba/1000035675.jpg | https://archdealers.s3.amazonaws.com/67a3323d53a4910ef67b27ba/1000036215.jpg | https://archdealers.s3.amazonaws.com/67a3323d53a4910ef67b27ba/1000035761.jpg | https://archdealers.s3.amazonaws.com/67a3323d53a4910ef67b27ba/1000035683.jpg | https://archdealers.s3.amazonaws.com/67a3323d53a4910ef67b27ba/1000035689.jpg | https://archdealers.s3.amazonaws.com/67a3323d53a4910ef67b27ba/1000037304.jpg | https://archdealers.s3.amazonaws.com/67a3323d53a4910ef67b27ba/1000036290.jpg | https://archdealers.s3.amazonaws.com/67a3323d53a4910ef67b27ba/1000036057.jpg | https://archdealers.s3.amazonaws.com/67a3323d53a4910ef67b27ba/1000036208.jpg | https://archdealers.s3.amazonaws.com/67a3323d53a4910ef67b27ba/1000036099.jpg | https://archdealers.s3.amazonaws.com/67a3323d53a4910ef67b27ba/1000028589.jpg
17-03-2025 09:36:02,67a49f6b53a4910ef67b27ea,9773977103,Sarvodaya Ceramics,Y,"8,Rajasthan Complex",Sion-Trombay Road,Near Hotel Kamat,Mumbai,400071,Maharashtra,72.901000,19.052000,06-02-2025 17:09:23,Sanitary & Bathroom fittings,Washbasin | Bathtub | Toilet & Flush | Bathroom Mirror | Valves | Faucet | Shower | Shower enclosure | Kitchen Sinks,
17-03-2025 09:36:02,67b4805d5e9997dc7d116ead,8097549804,Gouri furnishing fabrics,Y,Shop no 10 new happy home bld,Tilak road v b lane,Ghatkopar east,Mumbai,400077,Maharashtra,72.906000,19.078000,18-02-2025 18:13:09,Curtain & Upholstery/Furnishing | Wallpaper & Paint,Upholstery | Blinders | Wallpaper | Curtain,https://archdealers.s3.amazonaws.com/67b4805d5e9997dc7d116ead/9BCECF55_DF29_42FC_8EEA_638DF5AF6FD7.jpg | https://archdealers.s3.amazonaws.com/67b4805d5e9997dc7d116ead/70F78833_DC46_428C_8F15_79886B5F0322.jpg | https://archdealers.s3.amazonaws.com/67b4805d5e9997dc7d116ead/58A14D33_F002_4AD1_91E9_846682D3FC38.jpg
17-03-2025 09:36:02,67b48dcb5e9997dc7d116eba,9284765354,Hridaya Decors,Y,125,"Industrial Estate, Kandivali West",Ambey mata Chouk,Mumbai,400067,Maharashtra,72.835000,19.207000,18-02-2025 19:10:27,Modular Kitchen | Tiles & Flooring | Sanitary & Bathroom fittings | Lighting & Switches | Handle & Doors | Rugs & Carpets | Veneer & Laminates | Furniture | Wallpaper & Paint | Curtain & Upholstery/Furnishing,Wardrobe | Tv Unit | Wall light | Wallpaper | Door | Natural Stone | Granite | Toilet & Flush | Handle | Rugs | Upholstery | Bed | Sofa | Table | Wall Tile | Ceiling light | Floor lamp | Hinges | Chair | Floor Tile | Valves | Pendant Light | Switches | Carpets | Curtain | Sliding Window fitting | Louvers | Full Kitchen | Kitchen Countertop | Kitchen Organizers | Kitchen Cabinets | Vitrified Tile | Shower enclosure | Ceramic Tile | Cabinet & Storage | Shower | Bathtub | Faucet | Table lamp | Laminate | Marble | Chandelier | Veneer | Kitchen Sinks | Wooden Tile,https://archdealers.s3.amazonaws.com/67b48dcb5e9997dc7d116eba/EF44FEF9_3915_452D_A3B9_7D9B49DD1EF6.jpg | https://archdealers.s3.amazonaws.com/67b48dcb5e9997dc7d116eba/772D2031_4D7F_404D_8BAB_A887318B72DB.jpg | https://archdealers.s3.amazonaws.com/67b48dcb5e9997dc7d116eba/ACC191E7_FD1F_415A_9315_E614241E5599.jpg | https://archdealers.s3.amazonaws.com/67b48dcb5e9997dc7d116eba/0F9A5A3A_9326_4611_8091_9EF655F49562.jpg | https://archdealers.s3.amazonaws.com/67b48dcb5e9997dc7d116eba/E1BFEA3F_4BF4_4D25_B14E_B75D9C3EC583.jpg | https://archdealers.s3.amazonaws.com/67b48dcb5e9997dc7d116eba/D44E31E4_505C_494D_8EFD_9E4577F67F35.jpg | https://archdealers.s3.amazonaws.com/67b48dcb5e9997dc7d116eba/B19C198F_BFE2_4A29_8982_1CA7B75E87F2.jpg | https://archdealers.s3.amazonaws.com/67b48dcb5e9997dc7d116eba/238AD2BC_64E1_474A_9E22_81F266396869.jpg
17-03-2025 09:36:02,67b590705e9997dc7d116f00,9892857999,Aesthetic decor,Y,58/7,Amboli fatak s v road,Suvidha square building Amboli fatak,Mumbai,400058,Maharashtra,72.830000,19.123000,19-02-2025 13:34:00,Tiles & Flooring | Curtain & Upholstery/Furnishing | Wallpaper & Paint | Rugs & Carpets | Furniture,Wooden Tile | Upholstery | Paint | Carpets | Chair | Curtain | Wallpaper | Rugs | Wall Tile | Blinders | Table | Floor Tile | Sofa | Bed,
17-03-2025 09:36:02,67b5c2b85e9997dc7d116f13,9833063413,Navaratna hardware,Y,343/4 more patil chawl,S v road opp market andheri west,Near subway,Mumbai,400058,Maharashtra,72.830000,19.123000,19-02-2025 17:08:32,Handle & Doors,Handle | Door,https://archdealers.s3.amazonaws.com/67b5c2b85e9997dc7d116f13/rn_image_picker_lib_temp_2db867f5_bb80_4d85_a30d_20a396b2a02c.jpg | https://archdealers.s3.amazonaws.com/67b5c2b85e9997dc7d116f13/rn_image_picker_lib_temp_f3dafcd9_4783_43db_9cf3_5962c55c1569.jpg | https://archdealers.s3.amazonaws.com/67b5c2b85e9997dc7d116f13/rn_image_picker_lib_temp_726d92ea_c81e_4ee1_a884_09f128fdfe8c.jpg
17-03-2025 09:36:02,67b815e95e9997dc7d117063,9322906387,JAIN DECOR,Y,Ashish Bldg,Goregaon West,S.V.Road,Mumbai,400104,Maharashtra,72.839000,19.163000,21-02-2025 11:28:01,Curtain & Upholstery/Furnishing | Wallpaper & Paint | Tiles & Flooring | Rugs & Carpets,Blinders | Curtain | Upholstery | Wallpaper | Wooden Tile | Carpets,https://archdealers.s3.amazonaws.com/67b815e95e9997dc7d117063/rn_image_picker_lib_temp_acb5d573_1e75_4ece_8def_b17f7ab1f5e2.jpg
17-03-2025 09:36:02,67b82b355e9997dc7d11707e,7228807029,Samrat modular kitchen,Y,"Mahatma Gandhi Road, Shri Nagar, Goregaon West",Milind bhavan chs Ltd,Kalyan jewellers,Mumbai,400104,Maharashtra,72.843000,19.163000,21-02-2025 12:58:53,Furniture | Modular Kitchen,Kitchen Cabinets | Kitchen Organizers | Kitchen Countertop | Bed | Tv Unit | Cabinet & Storage | Wardrobe | Full Kitchen,https://archdealers.s3.amazonaws.com/67b82b355e9997dc7d11707e/1000348885.jpg | https://archdealers.s3.amazonaws.com/67b82b355e9997dc7d11707e/1000348871.jpg | https://archdealers.s3.amazonaws.com/67b82b355e9997dc7d11707e/1000258039.jpg | https://archdealers.s3.amazonaws.com/67b82b355e9997dc7d11707e/1000336083.jpg | https://archdealers.s3.amazonaws.com/67b82b355e9997dc7d11707e/1000336421.jpg
17-03-2025 09:36:02,67b833475e9997dc7d117094,8928879469,Rangoli lights,Y,"4/34, Navjyoti CHS LTD",M.G.Road,Behind Ram Baugh Bus Stop,Mumbai ,400104,Maharashtra,72.839000,19.163000,21-02-2025 13:33:19,Lighting & Switches,Chandelier | Wall light | Table lamp | Floor lamp | Ceiling light | Pendant Light,
17-03-2025 09:36:02,67b836855e9997dc7d11709c,7700006104,Gada hardware,Y,63/503,"Tilak Nagar, Goregaon West",Charch,Mumbai,400104,Maharashtra,72.839000,19.163000,21-02-2025 13:47:09,Sanitary & Bathroom fittings | Handle & Doors,Shower enclosure | Kitchen Sinks | Door | Handle | Hinges | Washbasin | Toilet & Flush,https://archdealers.s3.amazonaws.com/67b836855e9997dc7d11709c/rn_image_picker_lib_temp_b2d27de0_66ae_4922_8f2a_b77782712ea3.jpg | https://archdealers.s3.amazonaws.com/67b836855e9997dc7d11709c/rn_image_picker_lib_temp_ddab09b6_26a5_4424_af3f_db77cff71328.jpg | https://archdealers.s3.amazonaws.com/67b836855e9997dc7d11709c/rn_image_picker_lib_temp_3832e4a1_9412_44af_9443_d0feef8499d8.jpg
17-03-2025 09:36:02,67b852d75e9997dc7d1170af,8369965508,Iqra Interiors,Y,63/503,"Tilak Nagar, Goregaon West",Under oscar hospital,Mumbai,400104,Maharashtra,72.839000,19.163000,21-02-2025 15:47:59,Lighting & Switches | Veneer & Laminates | Wallpaper & Paint | Sanitary & Bathroom fittings | Tiles & Flooring | Curtain & Upholstery/Furnishing | Furniture | Handle & Doors | Modular Kitchen,Bathroom Mirror | Floor Tile | Floor lamp | Chandelier | Table lamp | Blinders | Tv Unit | Swing | Handle | Wallpaper | Sliding Window fitting | Full Kitchen | Ceiling light | Wall light | Pendant Light | Table | Bed | Stools & Benches | Switches | Veneer | Laminate | Paint | Chair | Wardrobe | Sofa | Cabinet & Storage,https://archdealers.s3.amazonaws.com/67b852d75e9997dc7d1170af/FC98DA42_7254_49D3_82EA_7A3CBFB6C422.png | https://archdealers.s3.amazonaws.com/67b852d75e9997dc7d1170af/C6179960_7EC0_47A6_9878_2F0277F42080.png | https://archdealers.s3.amazonaws.com/67b852d75e9997dc7d1170af/F8FBD690_C159_43E2_A859_20668F386A86.png | https://archdealers.s3.amazonaws.com/67b852d75e9997dc7d1170af/CB816BAA_E2EB_4EB6_A9DA_F57C36C25B14.png | https://archdealers.s3.amazonaws.com/67b852d75e9997dc7d1170af/BD18E32E_58E3_49B0_84A9_FB602BE851BE.png
17-03-2025 09:36:02,67bc40145e9997dc7d117147,9892140298,Royal Ceramics And Paints,Y,"9,37, ganpati temple","Andheri - Kurla Road, Andheri East",Opp Ganesh Temple,Mumbai,400053,Maharashtra,72.850000,19.119000,24-02-2025 15:17:00,Sanitary & Bathroom fittings | Wallpaper & Paint,Washbasin | Toilet & Flush | Bathroom Mirror | Valves | Shower enclosure | Paint | Faucet | Shower | Bathtub | Kitchen Sinks,
17-03-2025 09:36:02,67bd99605e9997dc7d117173,9867495784,WADALA INTERIOR & FURNITURE,Y,Shop no 4 dye sendo compound,Jogeshwari east,Hindustan hotel,Mumbai,400060,Maharashtra,72.858000,19.137000,25-02-2025 15:50:16,Modular Kitchen | Furniture,Full Kitchen | Kitchen Countertop | Sofa | Table | Bed | Wardrobe | Kitchen Cabinets | Kitchen Organizers | Chair | Tv Unit | Cabinet & Storage | Stools & Benches | Swing,https://archdealers.s3.amazonaws.com/67bd99605e9997dc7d117173/1000757181.jpg | https://archdealers.s3.amazonaws.com/67bd99605e9997dc7d117173/1000776451.jpg | https://archdealers.s3.amazonaws.com/67bd99605e9997dc7d117173/1000757179.jpg | https://archdealers.s3.amazonaws.com/67bd99605e9997dc7d117173/1000733464.jpg | https://archdealers.s3.amazonaws.com/67bd99605e9997dc7d117173/1000733461.jpg
17-03-2025 09:36:02,67c3eddc5e9997dc7d1171b8,9221862521,MANGAL TRADERS,Y,"Shop No. 1, Interlink Compound,","Caves Road, Jogeshwari East",Next to Shiv Sagar Restaurant,Mumbai,400060,Maharashtra,72.853000,19.137000,02-03-2025 11:04:20,Tiles & Flooring | Sanitary & Bathroom fittings,Wall Tile | Vitrified Tile | Granite | Washbasin | Kitchen Sinks | Ceramic Tile | Floor Tile | Marble | Porcelain Tile,https://archdealers.s3.amazonaws.com/67c3eddc5e9997dc7d1171b8/1000033865.jpg | https://archdealers.s3.amazonaws.com/67c3eddc5e9997dc7d1171b8/1000033866.jpg | https://archdealers.s3.amazonaws.com/67c3eddc5e9997dc7d1171b8/1000238046.jpg | https://archdealers.s3.amazonaws.com/67c3eddc5e9997dc7d1171b8/1000238047.jpg
17-03-2025 09:36:02,67c555445e9997dc7d1171f1,9920995048,Dhruvika Ceramica,Y,"Swami Vivekananda Road, Kevni Pada, Jogeshwari West",Campz landmark bld,Kj cure hospital,Mumbai,400102,Maharashtra,72.847000,19.130000,03-03-2025 12:37:48,Tiles & Flooring | Sanitary & Bathroom fittings,Natural Stone | Porcelain Tile | Shower | Washbasin | Valves | Floor Tile | Ceramic Tile | Faucet | Wall Tile | Wooden Tile | Granite | Shower enclosure | Vitrified Tile | Marble | Mosaic Tile | Bathtub | Toilet & Flush | Bathroom Mirror | Kitchen Sinks,https://archdealers.s3.amazonaws.com/67c555445e9997dc7d1171f1/1000522413.jpg | https://archdealers.s3.amazonaws.com/67c555445e9997dc7d1171f1/1000522412.jpg | https://archdealers.s3.amazonaws.com/67c555445e9997dc7d1171f1/1000522419.jpg | https://archdealers.s3.amazonaws.com/67c555445e9997dc7d1171f1/1000522418.jpg | https://archdealers.s3.amazonaws.com/67c555445e9997dc7d1171f1/1000522398.jpg
17-03-2025 09:36:02,67c6ce705e9997dc7d117221,9004072111,Prisha electric and plumbing,Y,Q-8,"MIDC Industrial Area, Mahape",,Navi Mumbai,400701,Maharashtra,73.030000,19.100000,04-03-2025 15:27:04,Lighting & Switches,Pendant Light | Chandelier | Wall light | Table lamp | Ceiling light | Floor lamp | Switches,
17-03-2025 09:36:02,67c6d2805e9997dc7d11722a,7977535998,Parth light house,Y,"Groma Marg, Sector 19, Vashi",Merchant center,Near gift corner,Navi Mumbai,400703,Maharashtra,73.008000,19.079000,04-03-2025 15:44:24,Lighting & Switches,Switches | Pendant Light | Chandelier | Wall light | Table lamp | Floor lamp | Ceiling light,
17-03-2025 09:36:02,67c982275e9997dc7d1174c4,9819403301,Royal cera mall,Y,"Sector 1, Kopar Khairane",,,Navi Mumbai,400709,Maharashtra,73.007000,19.111000,06-03-2025 16:38:23,Tiles & Flooring | Sanitary & Bathroom fittings | Wallpaper & Paint,Shower | Toilet & Flush | Wallpaper | Marble | Ceramic Tile | Vitrified Tile | Wooden Tile | Mosaic Tile | Bathtub | Floor Tile | Porcelain Tile | Faucet | Kitchen Sinks | Granite | Natural Stone | Washbasin | Wall Tile,
17-03-2025 09:36:02,67d282d9a6697eafa7eb4ec0,8386878380,Micronimss india,Y,23/2,Heavy Industrial Area,Near steel bhawan,Jodhpur,342003,Rajasthan,72.999000,26.279000,13-03-2025 12:31:45,Furniture | Modular Kitchen | Curtain & Upholstery/Furnishing | Rugs & Carpets,Swing | Kitchen Cabinets | Chair | Table | Bed | Cabinet & Storage | Kitchen Organizers | Full Kitchen | Rugs | Upholstery | Sofa | Tv Unit | Wardrobe | Stools & Benches,https://archdealers.s3.amazonaws.com/67d282d9a6697eafa7eb4ec0/1000223861.jpg | https://archdealers.s3.amazonaws.com/67d282d9a6697eafa7eb4ec0/1000223860.jpg | https://archdealers.s3.amazonaws.com/67d282d9a6697eafa7eb4ec0/1000223859.jpg | https://archdealers.s3.amazonaws.com/67d282d9a6697eafa7eb4ec0/1000223858.jpg | https://archdealers.s3.amazonaws.com/67d282d9a6697eafa7eb4ec0/1000223857.jpg | https://archdealers.s3.amazonaws.com/67d282d9a6697eafa7eb4ec0/1000223847.jpg
